Serial Number,Asset Tag
C02YW07TLVDM,01036
C02Z1DBCLVCG,617
C02YPBL1LVCG,01042
2J8PRN2,432
C02Z13DKLVCG,01304
C02ZMNNLMD6N,1148
C02RQ050FVH8,68
9B22105BD01CHT,1077
C02ZKVP3MD6N,790
4TDXPV2,553
C02YG1JKJHD3,534
C02TH09HHF1T,186
C02ZKVF8MD6N,831
9ZTM2Z2,625
GXNHMQ2,442
789Z6S2,289
HLX5W13,1083
C02TH0ZCGTF1,187
C02XM3RVJG5J,453
C02ZF3WGLVDM,01060
C02X10JLHV2R,412
C02X4E4KJG5J,414
C02Z1DFKLVCG,616
C02V40V8HTDF,77
8LQM5Y2,696
C02ZL227MD6N,01312
C02Z62UDLVCG,645
7D9D1X2,01037
C02Y511FJG5J,517
C02V22RWHTD6,224
C02XC5HDJG5J,443
C02ZL2SZMD6N,01328
HDPNRQ2,426
C02CW25MML86,797
,N/A
C02Y51A9JG5J,530
C02X90ZFJG5J,437
C02YFOMZJG5J,01258
C02YFOMZJG5J,01297
MP-079H5E 15/03,37
C02RC4HDG8WP,98
C02YF30LJHD3,532
C02YD8H4JG5H,01017
C02YW0JWLVDM,01035
C02QXBOTG8WP,103
C02Y51ASJG5J,529
MP-09GTTJ 15/03,115
C02C30F3LVDM,722
C02ZX7UDMD6N,1150
1566MH2,309
DSNGWT2,591
H1SR3M2,305
F404SQ2,430
3H2R0X2,572
C02Z13BRLVCG,626
C02Z1DEZLVCG,636
C02VJ0MDHV2V,262
C02TR4PBHTD8,213
C02Y93AEJGH6,507
C02WG2Z1HTDF,388
C02YK0NNLVCK,774
C02Q0UGHF1R,212
C02Z828ZLVDM,603
C02ZD1ANLVDM,793
G97SWT2,519
5Z6TPV2,554
C02W41QDHTDF,86
C02CMAE9MD6N,
8J3P2Z2,623
C02Z62BSLVCG,644
C02YQ7E4LVCG,01044
C02WJ0GBHTDF,405
C02XT466JGH6,449
C02ZL6DZMD6N,01309
C02YM4VYLVCG,01038
C02CP8S5MD6N,1162
C02V2DF8HTD6,228
H8M56Y2,596
FVFC1F8J1WK,385
C02Z70W4L40Y,677
C02Z6339LVCG,1064
CQPRWT2,520
285S0Z2,610
C02X70YGJG5J,287
FRV5RC2,156
8N9K1Z2,638
C02YR1SKLVCG,602
7HY85M2,310
H88PBH2,241
C02CW25NML86,828
C02ZVCQYMD6N,1144
C02XH5XAJG5J,359
5Z6TPV2,585
PF-1XS5GC,744
5PM3HM2,313
C02XN1XBJG5J,502
8MCWHM2,314
4ZC2P13,740
C02ZKVL5MD6N,791
70134M2,307
C02X30E2JGH6,347
C02ZPOHNLVDM,1067
C02T80N8H040,182
C02ZMNHDMD6N,01308
C02WG2Z0HTDF,389
C02YR1K4LVCG,601
C02YW2XVLVDM,01280
C02ZL2SLMD6N,1149
20292533858,123
,N/A
C02YR1T5LVCG,01046
C02YD8H4JG5H,01017
C02TT0UJHTD7,215
C02ZMNK6MD6N,01072
C02XM5C5JG5J,452
C02C100HMD6N,795
C02XJAAZJG5J,357
C02WV02AHTDF,283
C02YQ0LZLVCG,587
C02YM05RLVC9,01034
6PC0JR2,446
C02RF0SVG8WP,99
C02YPBVRLVCG,01295
C02Z3265LVDM,595
80MDGH2,271
C17ZPP5FMD6N,673
C02T505RH040,179
61XKHR2,445
C02ZL7JRMD6N,01087
C02YPBPQLVCG,01066
C02W92LYHTDF,363
CO2Y5IL9J4D3,293
PF-0KWAVH 16/10,166
69BH8Y2,01298
C02YF0MUJG5J,01259
C02ZC2M1LVDR,00618
C02X4F3CJG5J,418
C02QXAWQG8WP,63
7QZR0Z2,609
C02XJH1VJG5J,1252
C02S3356G8WP,205
C02C325UMD6T,723
C02Y37WGJG5J,1108
C02Y37WGJG5J,1108
C02ZL72PMD6N,1081
C02PX4Y6G8WM,60
C02YJ1CTJGJJ,1023
C02RM2BZG8WL,95
DLXY50S9KC5J,505
C02YR1LPLVCG,598
C02CP23XML86,826
572VWT2,352
C02YW07ULVDM,01281
C02VT0X2HTDF,301
C02CQ0ANMD6N,1165
C02ZL2GJMD6N,01326
FVFWCFDUJ1WK,387
CO2Y50LCJG5J,01011
C02Y90U6JHD3,351
C02TX0Q0HTD7,221
C02YJ0AMJGH6,539
GW32ZY2,01062
HDFMRQ2,427
C02XC5J3JG5J,440
FQ1NVT2,508
B09VPV2,556
C02ZL8YTMD6N,832
C02X53EJJHC9,478
C02Z13GULVCG,651
CBF4PN2,397
MP-078TZ4,109
C02TT0B3HTD7,218
C02YK3Q2LVCG,571
C02SGJCAG8WP,73
C02ZL8SMMD6N,01073
C02WC0U6HTDF,381
C02Y4BYCJG5J,516
HJ60PN2,396
C02XH1SUJHC9,00286
6WJY6S2,349
7XFQ752,358
C02XL2PZJHC9,450
C02ZL5GWMD6N,01085
C02ZX8N7MD6N,776
PF0IA14D,157
C02ZNMMCMD6N,01325
C02N7J7FG3QJ,102
C02VW71AHV29,326
C02CL5DPML7J,839
C02VT105HTDF,302
,N/A
C02CX06DML86,1336
C02VP1EKHTDF,299
F62M9Y2,01065
MP-07B0UO,13
C02YF0QAJG5J,546
C02Y31W5JHD3,469
10DQPQ2,285
C02XL2PEJHC9,345
C02X51XAJG5J,424
7V8ZPV2,555
C02VD01SHV2W,278
B>HNY4Y2,01042
PF-0KTKP6 16/10,154
DVVL3X2,647
H6DQ0Z2,607
C02XN11WXJG5J,504
C02V62QFHTDF,230
C02CP8S4MD6N,1337
73TR0Z2,608
JFHT9Y2,1063
H8LM5Y2,1701
C02ZX7XMMD6N,778
C02W315JHTDF,317
C02ZL8YXMD6N,794
C02YR1MZLVCG,600
MP1806NL,227
3NF8MQ2,441
C02XL2PZJHC9,450
172Q1X2,575
F1MXZM2,382
C02YJ3E5JHD3,545
HS2CPQ2,415
8XQ9FH2,231
C02Y11SLJG5J,01009
C02ZX8N7MD6N,777
83JR5Q2,423
1DX20Z2,611
C02XK31HJG5J,451
C02Y7094JHD3,501
C02Z13E2LVC9,01055
C02Z4A1ZLVCF,627
C02ZKFHUMD6N,01082
C02VT0X3HTDF,298
C02WJ1E0HTD8,297
C02YX1P9LVDM,01043
DKRZLQ2,362
DLJNMV2,540
C02ZL28DMD6N,1146
C02YC2VGJG5J,535
DZLNPQZ,284
C02T31CRHF1T,168
C02CW2LDML86,830
C02YD824JG5J,01020
C02P66DWG3QD,57
C02YF0M0JG5J,01251
C02WQ0P1HV2R,00408
C02X10RSHTDF,413
C02ZLDTJMD6N,1068
9LMQ1X2,01033
C02X70VYJG5J,00288
C02YM4LCLVCG,573
C02X426ZJHD3,90
C02CQ53FMD6N,1166
C02ZL5UXMD6N,00829
C02YP003JHD3,565
C02SQ3SZGTDY,162
C02CL0FJMD6T,779
C02YPBMJLVCG,01040
C17ZPP6EMD6N,674
C02SR060HF1T,163
FF4GWT12,593
C02WQ0P6HV2R,410
9RJ8ZM2,341
C02WQ2ZYHV2Q,497
C02Y50F1JG5J,01012
C02ZD17FLVDM,634
COZX4EBJJG5J,88
C02YR1LPLVCG,598
21TR0Z2,613
BVQFM33,833
C02XK2TTJG5J,296
C02YM76CLVCG,01279
C02YJ1WPJG5J,01260
35R2JR2,447
C02VJ0MCHV2V,264
C02CK0J9LVDM,773
C02ZC256LVDR,01053
C02RF3P9G8WP,61
C02YPBN9LVCG,01039
029307794354,676
C02Z34XYLVDR,594
C02Z2AE7LVCG,648
C02YQ0PDLVCG,589
9VZS8Y2,667
PF0MB5CA,180
4YZWYY2,665
C02XC1N7JG5J,439
C02XC1N7JG5J,439
C02YM05RLVCG,01030
C02V804THTD9,267
C02ZL7X1MD6N,1144
C02ZX7K5MD6N,775
9RJ8ZM2,341
CB31531653,189
JWDLZM2,343
000855383857,628
C02ZL5YQMD6N,1145
C02YK3S5LVCG,01031
1GCM5Y2,01070
C02WP1QNHTDF,409
C02ZMN34MD6N,1069
71ZL5Y2,697
17713315622,1001
032168191657,635
C02Y60C7JHC8,01015
COZWROCSHTDH,282
C025D05WG8WP,69
C025D05WG8WP,69
C02X70YHJHD3,89
DLJNMV2,540
HG4DPV2,549
C02RG3UFG8WP,97
C02YM42JLVCG,01029
C02TG31CGTF1,185
C02X6350JHD3,425
C02Z325ZLVDM,01296
C46KQV2,01021
C02SL05LFVH8,176
C02C71FYLVDM,730
8F7GM33,837
C02SD59KG8WP,67
C02WQ2M0HTDF,365
2KHGWT2,592
C02VJ0MBHV2V,263
C02Z2AEFLVCG,642
FFCWL13,01084
C02XK9YRJG5J,295
895T8Y2,668
C02ZL98PMD6N,1070
C02YJ192JG5J,558
JKVV5M2,84
6RH3MH2,266
MP-079H5E,37
8BW4QN2,407
43134M2,306
C02XD6RDJG5J,350
6YQM5Y2,743
C02YM4K6LVCG,01278
C02PC7TBG3QD,39
C6KT6GWCHG7F,184
DNQVR3WDJCLH,308
C02QJBBZG8WP,34
PF-0KWAUX 16/10,159
C02ZL3ERMMD6N,01310
C02CW2LCML86,797
C02Z1DERLVCG,615
R9-0LUTRE,72
6Q7DW33,841
83JR5Q2,423
C02Z64XNLVCG,660
C02YJ1X3JG5J,557
1PZR0Z2,612
C02Z101FLVCG,604
C02YQ12RLVCG,588
DC5YYY2,670
C02ZQ0P6LVDM,672
7J0N2Z2,624
C02XJHLSJG5J,00262
C02TV1VUHV2X,252
C02TV1VUHV2X,252
C02ZMTUEMD6N,719
C02ZL32XMD6N,687
C02ZLDTLMD6N,01307
CDLM5Y2,742
C02X51WMJG5J,416
FVFV808AJWV,240
C02WH0GRHTDF,404
C02VW08VHTDF,83
C02WH0GQHTDF,403
C02YPO1BJHD3,566
C02YG1MCJHD3,533
C02ZMN7TMD6N,718
GR00PN2,394
C02X51T1JG5J,422
GNDR4Y2,694
C02YD25GJHD3,354
43QP7S2,00353
9JBYXY2,664
86G8TT2,489
C02V22WUHTD6,225
C02ZMNTBMD6N,698
C02ZMTV8MD6N,720
C02VP1JXHTDF,300
C02YJ1DMJG5J,01261
C02C30F4LVDM,721
C02X6L5BJG5J,431
3F0L5Y2,695
FVHVQCZDJ1WK,316
C02TR1BJHTD7,217
DH051X2,646
C02ZL7W6MD6N,681
C02YR1KQLVCG,599
C02ZLC6MD6N,01311
C02PH1PHG3QD,110
C02ZL2EPMD6N,729
C2PNRQ2,428
C02WF058HTDF,383
JVCQQN2,366
C02YF025JG5J,01019
C02YF025JG5J,01019
C02XM4UEJG5J,00356
C02X90V3JG5J,436
PF-1XS5DH,745
PF0KAZQV,124
DDDPRQ2,429
FNWXST2,454
C02ZL36BMD6N,01086
MP-079HA8,118
C1MSM5UJH3QF,161
C02TJ0SKHF1R,188
C02CX0EJML86,827
C02YJ1A9JG5J,01022
41HTPV2,552
FX3LWT2,1253
C02WG08AHTDF,87
C02CH15NLVDM,1147
C02RD02MFVH9,9
C02CL0VEMD6T,822
C02ZL1XSMD6N,688
DX8NZY2,606
C02YF0MSJG5J,01018
BXH0TT2,346
C02Y5MDJJHC8,01254
C02YJ1A3JG5J,01032
CO2X52T6JG5J,421
C02ZR0DCLVDM,680
6N4LK13,724
CYFM2Z2,653
C02Y4BN0JG5J,01013
4S90RV2,567
